,Data,Otwarcie,Najwyzszy,Najnizszy,Zamkniecie,Wolumen,Stopa zwrotu,Stopa otwarcie-zamkniecie,Stopa zamkniecie-otwarcie
1,2022-01-04,42.7024,43.3727,42.6744,43.2889,3433633.0361475,0.018448647358026538,0.013641126361570333,-0.02924140403386799
2,2022-01-05,43.2982,43.3354,42.7303,42.9537,2562668.1597613,-0.007773459703598107,-0.007988272303529609,-0.005867666657972226
3,2022-01-07,43.6612,43.6612,42.7303,43.3261,3203523.4496003,0.008632433375301396,-0.007704611078978019,-0.0006441610717717872
4,2022-01-10,43.2889,44.5643,43.1027,43.6799,3188011.2282786,0.008132817279397742,0.00899179095110103,-0.0004282062004197229
5,2022-01-11,44.1081,45.1042,43.6426,45.0111,3591677.0166939,0.03002108396302594,0.020265686963484075,-0.03901287491412697
6,2022-01-12,45.1508,46.1096,44.8529,46.1096,3638265.2412591,0.024112045253391834,0.021013172851744866,-0.04437773221687591
7,2022-01-13,46.0817,46.4541,45.6069,46.3424,4372827.6247361,0.005036137499152105,0.005641400704069266,-0.02604931035089697
8,2022-01-14,46.3424,46.9568,44.7504,45.1414,5034210.4784182,-0.026257523242684933,-0.026257523242684933,0.020616122538615667
9,2022-01-17,44.9646,45.4766,44.7784,45.309,1215130.806673,0.003705902722689558,0.007630174733254336,0.022551620519995375
10,2022-01-18,45.1508,45.2438,44.2664,44.5084,1678961.37012,-0.01782775284886684,-0.014330063017965244,0.010197578115612504
11,2022-01-19,43.9591,44.676,43.7171,44.1174,2872618.2611054,-0.008823672944987315,0.0035946062900333864,0.02315373596295256
12,2022-01-20,44.2198,44.5363,43.5123,44.0895,2340516.0924685,-0.000632603592926273,-0.0029509937131946273,-0.0029620026971071134
13,2022-01-21,43.6799,44.1081,43.4099,44.015,2417605.6344239,-0.001691173952664382,0.007642442856129694,0.004642167665859009
14,2022-01-24,43.9405,44.5829,41.8273,42.1066,3319064.3089461,-0.04432598691540335,-0.042631948047646695,0.036683544059273654
15,2022-01-25,42.1066,43.5588,42.088,42.8699,2989329.975741,0.01796544997615568,0.01796544997615568,0.024666498071491016
16,2022-01-26,43.1306,44.676,43.1306,44.406,2433833.2590696,0.035204647469762484,0.029141873449836986,-0.05317009744591816
17,2022-01-27,44.406,45.43,43.9871,44.8156,3341127.9489952,0.009181697650745502,0.009181697650745502,-0.03832357110058249
18,2022-01-28,44.4153,44.5084,43.382,44.0057,2714879.3474418,-0.018237122111611104,-0.009264833691173813,0.009055424460865602
19,2022-01-31,44.3222,45.1321,43.9219,44.3501,3861886.7856497,0.0077957925619593915,0.0006292833482537397,0.0014690411292144212
20,2022-02-01,44.8715,45.1321,44.2757,44.6853,1771541.6498138,0.007529624928643397,-0.004158260864628449,-0.008158908276897137
21,2022-02-02,44.8901,45.8117,44.7784,45.8117,2747903.9116906,0.024894928538330863,0.020322236552460904,-0.020736667673702414
22,2022-02-03,45.8117,45.8303,45.1787,45.7559,2029269.4568723,-0.001218771856139611,-0.001218771856139611,-0.019103464696321293
23,2022-02-04,46.1469,46.1469,44.6946,44.6946,2420143.9197908,-0.02346805620247361,-0.03197709747550892,0.02468682805861322
24,2022-02-07,44.8994,45.4393,43.3913,44.3129,1937797.7300767,-0.008576857902926616,-0.013148600580056513,0.040553955378435536
25,2022-02-08,44.4712,45.6162,44.3222,45.5883,2558755.9992424,0.028375273601049855,0.02480931600851033,-0.015226673020993342
26,2022-02-09,45.8024,46.0165,45.0297,45.6162,2067280.360805,0.0006118119362592545,-0.004073574906718669,-0.025421127944769584
27,2022-02-10,45.6069,45.8024,44.5084,44.8249,2170580.9485655,-0.017499127996449815,-0.017295232271962835,0.021572702903168484
28,2022-02-11,44.4712,44.6853,43.5216,44.3595,2405455.5938886,-0.010436897587818184,-0.0025148976394984146,0.02773212985978102
29,2022-02-14,42.451,43.7264,42.0228,43.1865,2300696.270822,-0.026798944591189144,0.01717747680584214,0.02931384223068756
30,2022-02-15,43.5682,44.4153,43.5123,44.0057,1445787.1504151,0.018791224570754217,0.009991644536495592,-0.03596870137659636
31,2022-02-16,44.3781,45.0949,43.7171,43.9498,2136982.7726427,-0.001271097487397732,-0.009698031015351383,-0.00872054704909786
32,2022-02-17,44.0336,44.2943,42.9072,43.2889,1437848.9663857,-0.015151822389482206,-0.0170567277543614,0.02484985340483359
33,2022-02-18,43.1213,43.4378,42.6093,42.6093,1433955.0669126,-0.01582371179728881,-0.011944535260942413,0.03288043955165021
34,2022-02-21,42.8234,43.0468,40.7102,40.8312,1883426.0032819,-0.04262604425444927,-0.04763818710398082,0.05457057951539168
35,2022-02-22,40.0306,41.2222,39.6116,40.7753,3362284.981829,-0.0013699891244716156,0.018432344278846102,0.04900817622845244
36,2022-02-23,41.1384,41.7342,40.1516,40.2354,2794337.4544561,-0.013329300787610077,-0.022194786737000705,-0.005103043491236026
37,2022-02-24,36.7723,38.1687,33.095,33.4674,9138917.6126745,-0.18417537444177468,-0.09417301364956154,0.20637016117877538
38,2022-02-25,34.6311,38.4014,34.4635,37.908,8953309.120575,0.1245903409079041,0.09041004933193797,-0.030417327258342564
39,2022-02-28,36.735,37.9918,35.5713,37.5449,9105194.8319685,-0.009624621530150534,0.021807571005557413,-0.08078542780178743
40,2022-03-01,37.5636,38.3269,35.1059,35.1059,10180143.109251,-0.06716834256362425,-0.06766628887825954,0.04536077155806684
41,2022-03-02,34.9383,36.0927,34.4449,35.7017,9990715.9102195,0.016829099185287966,0.02161465801409923,0.050837189692971574
42,2022-03-03,35.4689,35.7203,34.3797,34.3797,7928662.5052314,-0.03773203278632087,-0.031189982268582828,0.016117374772221638
43,2022-03-04,34.3704,34.3704,31.2425,32.6389,7218979.1853951,-0.05196144536551772,-0.05169090030284229,0.08315142763410055
44,2022-03-07,31.047,31.7638,28.9058,31.0935,22352511.532689,-0.048506034422084454,0.0014966087713927934,0.10019693472492675
45,2022-03-08,30.507,32.7692,29.9298,30.8422,12534708.391018,-0.00811491204732917,0.01092771660109948,0.006618303275936377
46,2022-03-09,31.7359,34.3239,31.4659,34.1749,7464628.9219223,0.10260757441194102,0.07404292427880055,-0.1135352910130405
47,2022-03-10,34.8173,34.8173,32.583,33.486,5709322.4160082,-0.020364015455799134,-0.038986948656448916,-0.053678908823001414
48,2022-03-11,34.4449,35.7948,33.7002,34.5473,5688172.9024286,0.031201958513487504,0.002968453685875172,0.007784990142961412
49,2022-03-14,34.9104,35.4689,33.9236,34.4356,3561868.5448652,-0.003238486570552368,-0.013693866108962283,0.000270032884677196
50,2022-03-15,34.4356,35.5993,34.0353,35.2176,2889162.7686048,0.02245504466841597,0.02245504466841597,-0.008761178559453686
51,2022-03-16,35.7668,37.2284,35.6831,36.9957,6158791.2040192,0.04925573202867817,0.03378160084698889,-0.07171077669709414
52,2022-03-17,37.2843,38.0197,36.5395,37.5822,6238873.4091283,0.01572884437497679,0.007958207535859962,-0.04951044522196568
53,2022-03-18,37.4053,37.7125,36.7164,36.9585,7702643.3929446,-0.016734872515028254,-0.012016744076015495,0.008776664979168292
54,2022-03-21,36.884,37.4984,35.562,35.7203,3492777.3409724,-0.03407650690508435,-0.03205869804765005,0.04609325098109984
55,2022-03-22,36.3068,36.5861,35.7855,36.5116,2846718.7272581,0.02191086368804429,0.005624966766458517,0.010147834359605756
56,2022-03-23,37.0422,37.2191,35.8786,36.614,2633724.0373469,0.0028006626115337774,-0.011627122333707884,-0.008425629377992294
57,2022-03-24,36.6606,36.7164,35.7668,35.9344,4066547.9935988,-0.018735626961501772,-0.02000755492241746,0.030362749295209657
58,2022-03-25,36.1206,36.2323,35.2641,35.981,2932053.668484,0.0012959673872963151,-0.003872318351882509,0.018711587535121144
59,2022-03-28,36.0275,36.5768,35.4876,35.562,4496017.7139158,-0.011713369320861311,-0.013004883696623448,0.01558568767274382
60,2022-03-29,35.9344,38.8669,35.2362,38.69,6343154.7224665,0.08430351667866542,0.07388611474510043,-0.07129863298204198
61,2022-03-30,38.6807,38.7272,37.5822,37.8894,3947521.4228626,-0.020909779120039218,-0.02066937803681812,-0.05297633562506121
62,2022-03-31,38.0197,38.5317,37.0888,37.0888,3708064.3292217,-0.02135635234843658,-0.024789409201303236,0.0420257303852547
63,2022-04-01,37.4705,38.448,37.3681,38.4014,2679833.1780045,0.03477888001848006,0.024539960537320216,-0.009989470817176827
64,2022-04-04,38.5411,38.9972,37.7032,38.6621,2580511.3498712,0.0067658747527921115,0.0031345876615267443,-0.03130583529011233
65,2022-04-05,38.5411,38.6528,37.154,37.2377,2670037.7381989,-0.03753810306039851,-0.034403515398871765,0.034403515398871765
66,2022-04-06,37.1446,37.7777,36.5395,37.0795,3078420.2473278,-0.00425743270622414,-0.0017541476876887785,0.038660948105095905
67,2022-04-07,37.4146,37.6474,36.8095,37.4053,2745854.3778438,0.008748149361749391,-0.000248596965457093,-0.006994001674060613
68,2022-04-08,37.5729,37.6846,36.2323,36.5861,2615805.6546956,-0.022144018759017392,-0.026614659002353047,0.022392615724474485
69,2022-04-11,36.0275,37.2005,35.9065,37.1912,1727920.3081023,0.016403787303461925,0.03178963842440963,0.010210871698891122
70,2022-04-12,36.3161,36.7723,35.562,35.6086,3897244.4670448,-0.04348499243716342,-0.019673987395319337,0.01169535401275379
71,2022-04-13,35.7203,36.2602,35.4503,35.6551,1474411.876804,0.0013050124144364794,-0.0018269604971825615,0.018368974980882857
72,2022-04-14,36.0275,36.2323,35.2362,35.3945,1642476.8747807,-0.007335753294710479,-0.01772609489302779,0.00916271379189304
73,2022-04-19,35.5434,35.8041,34.5566,35.0314,2727413.9441182,-0.010311638682916957,-0.014509682850537331,0.028037733575944745
74,2022-04-20,35.1617,35.7296,34.6311,34.9755,3054601.3985231,-0.0015969857794146947,-0.005309605671293127,0.016106668629952026
75,2022-04-21,35.441,36.5488,35.3293,36.1951,3225747.142345,0.03427593417881125,0.021054408510746025,-0.028966328507518124
76,2022-04-22,35.9344,36.0275,34.7335,35.0128,2096486.2181222,-0.03321004163587293,-0.02598134504936267,0.012155633125126908
77,2022-04-25,34.4449,34.7614,32.1269,32.8251,7371179.6312839,-0.06452024227524689,-0.04816747921925213,0.09050158732460956
78,2022-04-26,33.3743,33.6443,32.2572,32.3503,4974284.1711612,-0.01457017216847678,-0.031162848243454278,0.06273765138772891
79,2022-04-27,32.3875,32.5179,31.4193,31.922,3380995.034525,-0.013327867213868139,-0.014477118627861607,0.044490715457322416
80,2022-04-28,32.462,32.4899,31.0377,31.1866,3664113.2145065,-0.023306911880451864,-0.04008165910296402,0.03778403050831347
81,2022-04-29,31.6614,31.9593,30.4884,30.5443,6740752.4727787,-0.020810426548476535,-0.03592018447951473,0.06089208565144055
82,2022-05-02,30.4139,30.8142,29.8274,30.2836,2977906.0803212,-0.0085717769724174,-0.004293428894349027,0.04449196145193213
83,2022-05-04,30.5443,30.5722,29.3713,29.4364,5855582.6511146,-0.028374308084168742,-0.03694608505658614,0.03266773697851777
84,2022-05-05,30.0695,30.2557,28.7755,28.8499,4651214.0454958,-0.02012547703125689,-0.04140484225029084,0.05707156208784303
85,2022-05-06,28.8406,28.943,27.5652,28.6917,4174903.6685098,-0.00549864441027248,-0.005176234305296568,0.04690348666056332
86,2022-05-09,28.4496,28.7382,27.9469,27.9469,1988031.7187279,-0.026301601226913718,-0.017827819613137397,0.031477835532210285
87,2022-05-10,28.1145,28.3286,27.2208,27.7887,5049748.48004,-0.005676817863244477,-0.011655994241847711,0.023504637476381873
88,2022-05-11,28.1052,28.1052,26.9229,27.0905,6426962.1809198,-0.025446350321288058,-0.0367714996783417,0.03710234456313577
89,2022-05-12,26.476,27.4908,26.0199,26.9508,8569172.9835585,-0.005170131406336154,0.01777431925886397,0.041941631084677855
90,2022-05-13,27.4628,28.431,27.3046,28.3472,6317921.1797015,0.050515278348495674,0.03169589822571828,-0.06828959760735964
91,2022-05-16,28.3938,29.4178,27.9842,28.3379,5694790.9202641,-0.00032812855877262237,-0.0019706801696761644,-0.031367769666945655
92,2022-05-17,28.8127,29.5109,28.161,29.092,6034300.2838707,0.026263090987030946,0.00964696012784838,-0.02429241081735478
93,2022-05-18,29.3247,30.1253,29.2037,29.5016,5762466.3560175,0.013981276870826953,0.006014334854938852,-0.023628236998675334
94,2022-05-19,28.9151,29.1106,28.2076,28.5148,4487546.7370206,-0.0340212484315745,-0.013940699285242886,0.02800691357663565
95,2022-05-20,28.8686,28.9523,28.2262,28.2355,2559571.3012286,-0.009843199245743506,-0.02217444776762134,0.02378389853098639
96,2022-05-23,28.6544,29.7902,28.6544,29.7902,2990874.6453803,0.0535994288791537,0.03887247133461935,-0.03142498111153236
97,2022-05-24,29.5109,30.2557,29.3061,29.6785,2608926.6113229,-0.0037566024264776843,0.005663191312465177,-0.03511586890814167
98,2022-05-25,30.0043,30.2091,29.334,29.6226,2747489.2785329,-0.0018852944231144697,-0.012803121208883272,-0.003777896889350707
99,2022-05-26,29.6133,30.0415,29.2502,29.9298,2356066.9842402,0.010317056068312791,0.010631054845284815,0.0024860651405704814
100,2022-05-27,29.9298,29.9391,28.8406,28.9151,2728919.9433076,-0.034490689566887944,-0.034490689566887944,0.02385963472160313
101,2022-05-30,29.3899,30.1533,29.2596,30.1533,2174120.3689142,0.04193041990320934,0.02564329201282467,-0.007439730336321393
102,2022-05-31,30.1067,30.1067,29.2409,29.6785,5672957.1545563,-0.015871491981519714,-0.014324860408695184,-0.009771800031304956
103,2022-06-01,29.8554,30.0136,29.334,29.3526,1845757.7625028,-0.01104174955722037,-0.016984599618715457,0.025366609965915554
104,2022-06-02,29.5947,29.753,29.0454,29.2875,1767472.6591368,-0.0022203245473448874,-0.010434487409955562,0.019204924166060344
105,2022-06-03,29.6971,29.6971,28.5241,28.7568,1691405.7357465,-0.018286542818280793,-0.03217513692798013,0.028721030228236355
106,2022-06-06,29.0454,30.0974,28.9523,30.0974,1661878.698859,0.04556452827079749,0.035578666203247344,-0.013389391342817358
107,2022-06-07,29.9578,29.9578,29.1944,29.3061,2868626.6113283,-0.02664310380589452,-0.021994039230621265,-0.008935562397352825
108,2022-06-08,29.334,29.455,28.161,28.3845,3135913.5387761,-0.031952463950458476,-0.032904031294485936,0.05394650318107974
109,2022-06-09,28.3845,28.6265,27.649,27.6769,2905058.4718884,-0.025245091272083187,-0.025245091272083187,0.05814912256656912
110,2022-06-10,27.649,27.649,26.6622,26.9694,3212132.9956078,-0.025895240294868227,-0.024886670985918347,0.051140331566951414
111,2022-06-13,26.5319,26.5505,25.303,25.4985,3478265.1804532,-0.05608326305832945,-0.03972815571778998,0.0809699340442478
112,2022-06-14,26.0106,26.3643,25.5823,26.2154,2601754.3170382,0.02772739744311492,0.007842877102665291,0.01200075827467506
113,2022-06-15,26.4481,26.9415,25.7871,26.9415,3141226.4289262,0.027320824371577235,0.01848352664373376,-0.035163701474242526
114,2022-06-17,26.0664,26.6995,25.9361,26.1502,4887355.1480544,-0.02981101005424769,0.0032097100134422796,0.011327483410513928
115,2022-06-20,26.3922,26.867,26.3922,26.5226,1009713.3765917,0.01414036106257699,0.004928687776295515,-0.01735007107601927
116,2022-06-21,26.8112,27.258,26.5598,26.6995,1002357.3976698,0.006647638911280396,-0.00417487202522393,-0.01157632668757591
117,2022-06-22,26.4853,26.6529,26.1223,26.4109,1603527.1382578,-0.01086803490994237,-0.002813058369502297,0.0150429069351663
118,2022-06-23,26.3457,26.8577,25.964,25.964,2271285.2452843,-0.017065840557934475,-0.014594110643775249,0.019878898927436772
119,2022-06-24,26.0664,27.0253,25.8709,26.9136,1677307.1342059,0.035920771884158764,0.031984606403581584,-0.021326661240383515
120,2022-06-27,27.1835,27.2766,26.625,26.7646,2538008.2286704,-0.0055516162124273905,-0.015530052745011957,-0.026432990191154193
121,2022-06-28,26.9974,27.528,26.7832,27.4163,3536556.5870211,0.02405760818480518,0.015397161956511862,-0.008527555439793222
122,2022-06-29,27.2487,27.2487,26.6622,26.7367,3770257.1545168,-0.025100573590471242,-0.018968660111959856,0.00970341163395938
123,2022-06-30,26.5226,26.5226,25.8244,26.0664,3824054.1954584,-0.02539002478548813,-0.01735007107601927,0.044358684897447986
124,2022-07-01,26.0571,26.8205,25.6009,25.6009,4182520.6729689,-0.018019621534248742,-0.017662776729172602,0.03536969261026801
125,2022-07-04,25.6009,25.6661,24.0742,25.0424,5992479.2664397,-0.02205711883328121,-0.02205711883328121,0.03971989556245381
126,2022-07-05,25.3589,25.7127,24.0928,24.3628,4256615.4034122,-0.02751300951922353,-0.04007237446891798,0.04957012835250474
127,2022-07-06,24.67,24.8096,23.9066,24.549,2718247.9733033,0.00761374144830862,-0.004916810327911136,0.03245863302060936
128,2022-07-07,24.7259,25.3868,24.5769,24.5769,5146837.0896893,0.0011358571751216573,-0.006044299862270286,0.003780953152789479
129,2022-07-08,24.5769,25.8337,24.2511,25.7871,5463178.5570652,0.048067389497413515,0.048067389497413515,-0.04202308963514323
130,2022-07-11,25.4148,25.6103,25.061,25.2751,2895006.3032624,-0.020054645508447155,-0.0055119601219768555,-0.02801274398896636
131,2022-07-12,25.1355,25.1727,24.4186,24.5117,7500747.1221662,-0.030669166797551828,-0.025130634946861186,0.03618112691952868
132,2022-07-13,24.67,24.9493,23.8973,24.4838,6348946.6965242,-0.0011388802243321727,-0.00757625618570712,0.02626951517119336
133,2022-07-14,24.4931,24.67,23.5901,23.646,5712368.7881202,-0.03481770691463648,-0.03519747779077509,0.0423939631003436
134,2022-07-15,23.9066,24.1673,23.5529,23.888,2191311.5322709,0.01018227335591293,-0.000778330645679226,0.02501520443486216
135,2022-07-18,24.2045,24.549,24.0556,24.3162,4670931.6782485,0.017766554092828457,0.0046042286004346344,-0.01698822344714923
136,2022-07-19,24.3162,24.7817,24.0742,24.67,3636016.9842668,0.014445135651602214,0.014445135651602214,-0.01904936425203685
137,2022-07-20,25.0238,25.2286,24.4373,24.6141,3217018.3624502,-0.0022684810708448744,-0.016507922533175456,-0.01217665458075734
138,2022-07-21,24.7538,24.8841,24.2138,24.7445,1588373.6927772,0.005283792627039929,-0.0003757704854279176,0.011224129906135527
139,2022-07-22,24.7445,25.0051,24.521,24.5955,1637800.9728755,-0.0060397427215646005,-0.0060397427215646005,0.006415513206992518
140,2022-07-25,24.6421,25.182,24.4838,24.7165,1913699.5946891,0.004907537428866515,0.0030146744983539087,0.0011322052926980852
141,2022-07-26,24.7165,24.9307,23.6739,23.9718,2765406.5870051,-0.03059289731053827,-0.03059289731053827,0.02757822281218436
142,2022-07-27,24.0835,24.1487,23.3853,23.7391,3512377.8881961,-0.0097546617305726,-0.014403480952059233,0.04034755904111087
143,2022-07-28,24.0183,24.2045,23.5994,23.8601,4889374.6048846,0.005084130012172228,-0.006608432016686372,0.009319350939887006
144,2022-07-29,24.1301,24.4093,23.8322,24.3814,3217962.5659363,0.02161293874672987,0.010360522675385564,-0.015004506730043499
145,2022-08-01,24.6141,25.0889,24.4931,25.061,2801727.8071113,0.027492306379064413,0.017993403431197486,-0.03785282905444998
146,2022-08-02,25.1075,25.1075,24.428,24.67,4509610.3770697,-0.01572492236035261,-0.017578675744091665,-0.0022684810708448744
147,2022-08-03,24.9,25.18,24.27,24.6,4685322.0,-0.002841487602948334,-0.012121360532344916,0.02042016334704
148,2022-08-04,24.79,24.83,23.77,23.95,6026965.0,-0.026778119081392937,-0.03447202219017509,0.03889947961373785
149,2022-08-05,24.06,24.54,23.9,24.03,3590549.0,0.0033347258914533384,-0.0012476607981555254,0.03113729629872175
150,2022-08-08,24.3,25.19,24.1,25.13,4050346.0,0.044759301807123286,0.03358600120899791,-0.04351164100896776
151,2022-08-09,25.1,25.95,25.0,25.0,3986544.0,-0.00518652668730013,-0.003992021269537904,-0.028399474521697776
152,2022-08-10,24.99,25.49,24.56,25.04,2942288.0,0.0015987213636972086,0.0019988013850369413,0.0023932999058406956
153,2022-08-11,25.3,25.5,25.01,25.5,2927588.0,0.018203905932482556,0.007874056430905885,-0.020202707317519497
154,2022-08-12,25.47,25.74,25.18,25.35,2120508.0,-0.005899722127188145,-0.004722558954173284,-0.0019743343037177397
155,2022-08-16,25.5,25.74,24.9,25.37,2566695.0,0.0007886435739985487,-0.005111078553189596,0.003933915380174735
156,2022-08-17,25.38,25.53,24.09,24.09,4194720.0,-0.05177055698441091,-0.05216464565946177,0.056881635537600506
157,2022-08-18,24.43,24.77,23.97,24.7,3044913.0,0.02500642700715172,0.010991358364282444,0.02715821865231005
158,2022-08-19,24.26,25.24,24.12,24.73,4660524.0,0.001213837899393333,0.019188178017420565,-0.012205196263675777
159,2022-08-22,24.65,25.07,23.95,24.25,3380492.0,-0.019600464149832852,-0.016360283105206985,0.0004122861324122873
160,2022-08-23,24.1,24.45,23.91,24.05,2980753.0,-0.008281620831721792,-0.0020768439448390907,0.024641903936928777
161,2022-08-24,23.94,24.14,23.4,23.48,3504535.0,-0.023986001591874473,-0.01940170516993156,0.026062845536713564
162,2022-08-25,23.71,24.57,23.7,24.48,3074675.0,0.04170746268422976,0.03195955756681146,-0.022305757514298197
163,2022-08-26,24.6,24.6,23.37,23.56,2926897.0,-0.038306098860739546,-0.043196084154931036,0.006346541293928087
164,2022-08-29,23.12,23.35,22.92,23.17,2243966.0,-0.016692020339101,0.0021602946401082512,0.059888104494032035
165,2022-08-30,23.3,23.68,22.8,22.87,2354019.0,-0.013032330409595172,-0.018627352536964903,0.01087203576948692
166,2022-08-31,23.11,23.76,22.66,23.52,5072747.0,0.028025114995736455,0.017585698744136735,-0.009397762458771552
167,2022-09-01,23.4,23.4,22.03,22.09,4739512.0,-0.0627261055984003,-0.05761100493162985,0.04514040685426357
168,2022-09-02,22.56,23.5,22.24,23.39,10481737.0,0.05718356316406181,0.03613015396622954,0.00042744176756803753
169,2022-09-05,23.0,23.12,22.64,22.84,3533432.0,-0.02379519580827827,-0.0069808311413401825,-0.01233495815795127
170,2022-09-06,22.9,23.0,22.35,22.77,3544982.0,-0.003069504712161386,-0.005693030484545947,0.010050335853501569
171,2022-09-07,22.5,22.64,22.1,22.51,4936438.0,-0.011484225157007089,0.0004443457082667912,0.017177255641553035
172,2022-09-08,22.8,23.34,22.66,23.13,3662496.0,0.02717082132470683,0.014369940282952687,-0.02761516703297362
173,2022-09-09,23.4,24.43,23.37,24.29,4218790.0,0.04893426677073309,0.03732872065042514,-0.06330420705368578
174,2022-09-12,24.7,25.33,24.2,25.31,3972851.0,0.04113483154295183,0.024396330923101228,-0.07846355219337697
175,2022-09-13,25.35,25.46,24.0,24.51,4480701.0,-0.03211837701701148,-0.03369753249717089,0.007722046093910251
176,2022-09-14,24.02,24.64,24.0,24.39,2879852.0,-0.004907985312192498,0.015286395575991207,0.03860551780936339
177,2022-09-15,24.59,24.88,24.36,24.6,2956438.0,0.008573230710488211,0.00040658671021587267,-0.02385962628647942
178,2022-09-16,24.29,24.4,23.22,23.66,7121101.0,-0.03896058438807648,-0.026278884463840413,0.03855399767786061
179,2022-09-19,23.66,24.45,23.5,24.31,2078717.0,0.027101929777791245,0.027101929777791245,-0.000823045313950832
180,2022-09-20,24.51,24.99,23.57,23.72,3624743.0,-0.024569214198506995,-0.032762623410496516,-0.0025327155792842504
181,2022-09-21,23.6,23.76,23.22,23.29,3041792.0,-0.01829449023327534,-0.013222628135315162,0.051057113643771856
182,2022-09-22,22.9,23.6,22.72,23.35,1791290.0,0.0025729002186567485,0.019460073554712132,0.010649727916658414
183,2022-09-23,23.31,23.31,22.6,22.68,2310297.0,-0.029113505255355054,-0.027398974188114433,0.009653431700642923
184,2022-09-26,22.51,22.92,22.11,22.45,3264348.0,-0.010192864671287882,-0.0026690407303777697,0.037591838859402316
185,2022-09-27,22.8,23.1,22.49,22.71,2816094.0,0.011514741929203876,-0.003955179842928036,-0.008845701198826106
186,2022-09-28,22.2,22.67,21.6,22.46,4775724.0,-0.011069406807170168,0.011643660432063108,0.015024586650098204
187,2022-09-29,22.55,22.78,21.65,21.75,6199573.0,-0.03212219177560405,-0.03612130841399441,0.02047853134354094
188,2022-09-30,21.92,22.08,21.31,21.84,4641703.0,0.004129393342011234,-0.003656311203110718,0.03199191507198318
189,2022-10-03,21.74,21.89,21.14,21.8,3615583.0,-0.0018331810816607508,0.0027560881019801364,0.005489492284771469
190,2022-10-04,22.2,22.97,22.11,22.94,2805729.0,0.05097214190618127,0.03278982282299081,-0.053728230008161404
191,2022-10-05,22.9,22.93,22.0,22.0,2141805.0,-0.04183965834290859,-0.04009445720187799,0.009049835519917782
192,2022-10-06,22.3,22.62,22.0,22.11,3385326.0,0.004987541511038973,-0.008556683596717907,0.03510691569083901
193,2022-10-07,22.11,22.4,22.0,22.2,3300350.0,0.004062294008878808,0.004062294008878808,0.004494389587839098
194,2022-10-10,22.01,22.09,21.4,21.47,2965283.0,-0.03343567698754413,-0.02484028364768065,0.02937338297866532
195,2022-10-11,21.4,22.15,21.22,21.7,2726961.0,0.010655648655724104,0.013921338518608106,0.014184634991956546
196,2022-10-12,21.88,22.23,21.44,22.1,4040214.0,0.018265347977293178,0.010004630969926431,-0.032186686495901284
197,2022-10-13,22.06,22.15,21.35,21.88,4207163.0,-0.010004630969926431,-0.00819303627157586,0.0
198,2022-10-14,22.48,22.82,22.24,22.54,2772457.0,0.029718531057849606,0.0026654835861399384,-0.021525494786273747
199,2022-10-17,22.52,22.95,22.27,22.93,1728996.0,0.017154588258182724,0.018042293598323322,-0.019820071844322662
200,2022-10-18,23.18,23.92,23.15,23.73,3808167.0,0.03429397357785913,0.023450232536066373,-0.05233626717618245
201,2022-10-19,23.8,23.94,23.18,23.21,3044626.0,-0.022156850161326513,-0.0251023603910836,-0.0012933823747398598
202,2022-10-20,23.2,24.24,22.9,24.1,4129377.0,0.03762862021026381,0.03805956182434489,-0.012526259819180208
203,2022-10-21,24.05,24.61,23.8,24.25,2951489.0,0.006204776886882701,0.008281620831721792,-0.04426433871122759
204,2022-10-24,24.61,24.92,24.13,24.52,2886597.0,0.01107249368451857,-0.0036637533349539453,-0.01935411451624036
205,2022-10-25,24.5,24.83,24.03,24.49,2158244.0,-0.0012242401039341821,-0.0004082465866050988,0.004887993438888127
206,2022-10-26,24.49,24.98,24.3,24.86,2443238.0,0.01499521511848867,0.01499521511848867,-0.01458696853188357
207,2022-10-27,24.85,25.48,24.63,25.31,2368643.0,0.01793948847446769,0.01834182201439516,-0.03293470359295636
208,2022-10-28,25.1,25.86,24.91,25.72,3210608.0,0.016069324812385766,0.02440105323168007,-0.034411146826780925
209,2022-10-31,25.89,26.08,25.64,26.07,3553889.0,0.013516328575991832,0.006928434181963983,-0.0379173818076719
210,2022-11-02,26.21,26.49,25.75,26.41,4358940.0,0.01295749836363047,0.007601708973725696,-0.019885932545594454
211,2022-11-03,25.8,26.05,25.5,25.9,2819039.0,-0.01949975760354894,0.0038684767779200158,0.011898048629823244
212,2022-11-04,26.0,26.19,25.43,25.65,3604931.0,-0.009699397088713368,-0.013552966404703604,0.005830920310793353
213,2022-11-07,25.65,26.89,25.63,26.63,3400654.0,0.03749482820906236,0.03749482820906236,-0.023941861804358755
214,2022-11-08,26.65,26.74,26.25,26.68,2013097.0,0.0018758212215819192,0.0011250704355694197,-0.03937064943064428
215,2022-11-09,26.68,27.27,26.51,26.77,2552530.0,0.00336763648483851,0.00336763648483851,-0.0044927069204079295
216,2022-11-10,26.5,27.73,26.15,27.6,4410643.0,0.030533915190843253,0.040671039730928005,-0.03390155167568176
217,2022-11-14,27.61,28.96,27.61,28.62,5406956.0,0.03629000140520011,0.03592774818624145,-0.07696104113612812
218,2022-11-15,28.71,29.5,28.4,29.45,4060104.0,0.028588135969290995,0.025448415964623106,-0.06451588415553244
219,2022-11-16,29.0,29.24,28.1,28.61,4075361.0,-0.02893760303557702,-0.013539522924455483,0.003489187070953914
220,2022-11-17,28.73,28.78,27.34,27.88,4573749.0,-0.025846721169695552,-0.030032287098875177,0.039386244094151035
221,2022-11-18,27.8,28.36,27.4,28.06,3391546.0,0.006435488781991516,0.009309053977723192,0.02359679831688366
222,2022-11-21,28.06,28.2,27.56,27.86,2943119.0,-0.0071531063226548675,-0.0071531063226548675,-0.0021559476550683243
223,2022-11-22,27.73,28.43,27.53,28.15,1977572.0,0.010355386234039532,0.01503249495801251,-0.0032022799113846645
224,2022-11-23,28.2,28.48,28.02,28.07,1650098.0,-0.002845964211908303,-0.004620587570276946,-0.012186530746104207
225,2022-11-24,28.11,28.96,28.07,28.87,1833641.0,0.028101603301052602,0.026677608756402904,-0.023481015730775656
226,2022-11-25,28.78,29.03,28.53,28.86,1671831.0,-0.0003464403291189022,0.002775851886502867,-0.026331168427284002
227,2022-11-28,28.66,29.14,28.5,28.59,3142064.0,-0.00939954701150425,-0.0024454160658051727,0.006623695125001383
228,2022-11-29,28.64,28.79,28.02,28.35,1979819.0,-0.008429976160459152,-0.01017731191868343,0.010875392226264324
229,2022-11-30,28.5,28.76,28.15,28.35,4507786.0,0.0,-0.005277057100843585,0.01017731191868343
230,2022-12-01,28.8,29.73,28.7,29.67,4693215.0,0.04550940412896942,0.0297610471608305,-0.04023234702812584
231,2022-12-02,29.6,29.74,28.64,28.87,4625127.0,-0.027333440627887118,-0.02497136765517105,-0.0024276065329433827
232,2022-12-05,29.07,29.74,28.9,29.35,1987750.0,0.01648955259926188,0.009585831703320835,0.00848181505590917
233,2022-12-06,29.22,29.29,28.65,28.85,2506974.0,-0.017182553319996963,-0.012743413368444756,0.0075967216166761276
234,2022-12-07,28.75,28.99,28.52,28.73,1885853.0,-0.004168119962910222,-0.0006958942521611,0.016911533331354978
235,2022-12-08,28.63,28.66,28.06,28.14,1736511.0,-0.020749821304955063,-0.017263067423780587,0.021445715557116163
236,2022-12-09,28.38,28.59,28.14,28.59,1314654.0,0.015864954647977214,0.007372334602323782,0.001398112775803373
237,2022-12-12,28.51,29.05,28.16,29.0,1898500.0,0.014238823652253707,0.01704092706189364,-0.02161115825457749
238,2022-12-13,29.0,30.08,28.79,29.44,3029902.0,0.015058463874201511,0.015058463874201511,-0.03209939093609515
239,2022-12-14,29.6,29.64,29.22,29.49,2149414.0,0.0016969289665089704,-0.0037231385028300146,-0.01675539284071048
240,2022-12-15,29.18,29.4,28.8,29.23,3094618.0,-0.008855643704030136,0.001712036028514774,0.01257878220686015
241,2022-12-16,29.0,29.04,28.66,28.91,6260545.0,-0.011008023094899677,-0.003108273958219332,0.009295987066384903
242,2022-12-19,28.86,29.31,28.8,29.1,1661354.0,0.006550618149192111,0.008281620831722236,-0.003442344190972779
243,2022-12-20,28.93,29.51,28.8,29.51,1104175.0,0.01399101477740139,0.019850069966804718,-0.022272635609123625
244,2022-12-21,29.51,30.45,29.26,30.42,2837308.0,0.030371097876298325,0.030371097876298325,-0.05022116784310304
245,2022-12-22,30.45,30.75,30.08,30.27,1873663.0,-0.0049431637975194676,-0.005928871122278689,-0.025427934078778858
246,2022-12-23,30.27,30.28,29.71,29.97,1142303.0,-0.009960241705055495,-0.009960241705055495,0.015889112827334184
247,2022-12-27,30.1,30.27,29.69,29.7,740745.0,-0.009049835519917782,-0.013378125946176045,0.019010077224973276
248,2022-12-28,29.69,30.08,29.55,29.94,1474954.0,0.008048333182828493,0.008385090215814017,0.005329792763347552
249,2022-12-29,29.98,30.55,29.85,30.55,1389849.0,0.02016930662612193,0.018834192943152583,-0.028554396841935947
250,2022-12-30,30.4,30.54,30.19,30.29,1420447.0,-0.008547060578458332,-0.0036249833730299663,-0.010287132364694251
251,2023-01-02,30.5,30.89,30.23,30.27,566681.0,-0.0006605020055188149,-0.007569560579738788,0.004285485378548781
252,2023-01-03,30.3,32.18,30.29,31.76,3677275.0,0.048050513345307966,0.0470599238636118,-0.04048095276556918
253,2023-01-04,31.81,32.83,31.72,32.67,3850196.0,0.028249589234043526,0.026676519851926095,-0.07530951309765532
254,2023-01-05,32.53,33.41,32.19,33.19,5045444.0,0.015791400118904342,0.020085885246623025,-0.04246791997083044
255,2023-01-09,33.5,34.5,33.5,34.43,3856027.0,0.03667965161854925,0.02738283851941148,-0.05676553686517227
256,2023-01-10,34.18,35.19,33.77,35.0,4931941.0,0.016419784138981264,0.023707383801968795,-0.04380262265839274
257,2023-01-11,35.0,35.44,34.35,34.45,5663558.0,-0.015839064029745664,-0.015839064029745664,-0.007868319772223131
258,2023-01-12,34.67,36.05,34.67,35.58,6115511.0,0.03227468477802109,0.02590892254075694,-0.016435620748275426
259,2023-01-13,35.6,35.76,34.38,35.32,3720611.0,-0.007334306501929788,-0.007896262122225828,-0.018574616038827152
260,2023-01-16,35.3,36.13,34.67,35.82,5125957.0,0.014057020896806716,0.014623432693314786,-0.006160758774580888
261,2023-01-17,35.6,35.75,34.48,34.64,4067224.0,-0.03349731293833136,-0.02733655416375047,0.018873880245016572
262,2023-01-18,34.64,34.77,33.74,34.13,5955303.0,-0.01483232077561869,-0.01483232077561869,0.04216887493936916
263,2023-01-19,34.0,34.33,33.41,33.9,6672665.0,-0.006761748532211342,-0.0029455102297570868,0.021594069307830033
264,2023-01-20,34.0,34.07,33.5,33.88,2073902.0,-0.0005901446025506907,-0.0035356548323077774,0.0035356548323077774
265,2023-01-23,34.1,34.4,33.82,34.05,3949156.0,0.005005162811667407,-0.0014673516939498477,-0.00146950797935963
266,2023-01-24,34.2,34.41,33.28,33.98,2908403.0,-0.002057916351735134,-0.006453527824773708,0.0035252680456849816
267,2023-01-25,32.71,32.95,32.1,32.62,7822639.0,-0.040846519050918406,-0.002755244357425024,0.047300046875692114
268,2023-01-26,32.98,33.09,32.21,32.63,3146399.0,0.0003065134123616531,-0.010669206526223274,0.002448730945063371
269,2023-01-27,32.89,32.96,32.18,32.22,2602101.0,-0.01264473285640122,-0.02058128245213764,0.023313939382624493
270,2023-01-30,32.2,32.2,31.36,31.53,2894198.0,-0.02164790419185847,-0.02102697899339301,0.04222918664399611
271,2023-01-31,31.4,32.39,31.23,32.16,3985848.0,0.0197839707537959,0.023915551396557877,0.0012430082395971098
272,2023-02-01,32.2,32.33,31.71,32.16,3319063.0,0.0,-0.0012430082395971098,-0.023915551396557877
273,2023-02-02,32.4,32.68,32.04,32.35,4419740.0,0.005890576636144118,-0.0015444018513739444,-0.004647568396547008
274,2023-02-03,32.46,33.02,32.23,32.72,2771479.0,0.011372490787636469,0.007977949648100946,-0.009828088936262525
275,2023-02-06,32.57,32.58,31.74,31.84,2267171.0,-0.027263150758364052,-0.022668258311960177,0.019285201110263106
276,2023-02-07,31.86,32.18,31.65,31.81,2297211.0,-0.0009426552151294842,-0.0015705987208498584,0.02361091352708966
277,2023-02-08,32.06,32.43,31.96,32.25,2492123.0,0.013737337480729028,0.005908896060374591,-0.01216673875987917
278,2023-02-09,32.42,33.23,32.32,32.8,2446496.0,0.016910472148316202,0.011652999082567561,-0.022819368208690793
279,2023-02-10,32.6,32.73,32.1,32.13,3044669.0,-0.02063834226233041,-0.01452211524489444,0.00898534317976285
280,2023-02-13,32.36,32.44,31.94,32.3,2229733.0,0.005277057100843585,-0.00185586196167975,0.009245058144050855
281,2023-02-14,32.49,33.1,32.24,32.74,2652265.0,0.013530341714377947,0.007665222261979743,-0.011674479752698197
282,2023-02-15,32.6,33.37,32.49,33.04,4025475.0,0.009121376709788187,0.013406660280115279,-0.01678659897176793
283,2023-02-16,33.11,33.69,30.66,32.36,7536227.0,-0.020795856462486384,-0.022912259368863985,0.007389196182371105
284,2023-02-17,32.02,32.34,31.8,31.92,4132126.0,-0.01369031960868261,-0.003127934986960401,0.036602578977546596
285,2023-02-20,31.9,32.0,31.08,31.35,2681664.0,-0.018018505502678472,-0.017391742711869274,0.021146440489638874
286,2023-02-21,31.2,31.35,30.34,30.73,3470664.0,-0.019974890936536482,-0.015178718673043434,0.037366633648405756
287,2023-02-22,30.7,30.7,29.86,30.04,3417577.0,-0.022709549246459293,-0.021732827697217516,0.03788826791950273
288,2023-02-23,30.02,30.72,29.99,30.56,2893901.0,0.017162137402385813,0.017828138093003876,0.004570690294831703
289,2023-02-24,30.73,31.07,30.45,30.6,1734632.0,0.0013080446600155504,-0.0042393671840579294,-0.019136182753019426
290,2023-02-27,30.8,30.8,30.26,30.56,1475570.0,-0.0013080446600155504,-0.007822725681209342,0.00554741184407348
291,2023-02-28,30.57,31.35,30.38,31.08,3401497.0,0.016872561201127123,0.016545389596703597,-0.009049835519917782
292,2023-03-01,31.36,31.57,31.06,31.35,1240424.0,0.00864974157948284,-0.00031892840327740757,-0.025195131176186436
293,2023-03-02,31.08,31.2,30.4,30.53,1932705.0,-0.026504460332143154,-0.017854718752660315,0.02682338873542056
294,2023-03-03,30.5,31.1,30.5,30.97,1682985.0,0.01430918723832475,0.015292310371745277,0.003545531514335565
295,2023-03-06,31.1,31.65,31.03,31.6,1866027.0,0.020138126607755158,0.015949301407677918,-0.035430436979500435
296,2023-03-07,31.5,31.88,30.92,30.99,2011068.0,-0.019492548793209608,-0.016322974031930393,0.0035432473855316893
297,2023-03-08,30.98,31.18,30.72,31.1,1436535.0,0.0035432473855316893,0.003865984196465888,0.012779726646398704
298,2023-03-09,31.13,31.13,30.5,30.5,1132275.0,-0.019481135571822517,-0.020445300840150615,0.015615151375356628
299,2023-03-10,30.03,30.24,29.62,29.78,3209044.0,-0.023889656357503064,-0.008359854739376171,0.04433495719765368
300,2023-03-13,30.03,30.09,28.61,28.91,4779884.0,-0.029649471227608082,-0.03800932596698425,0.03800932596698425
301,2023-03-14,28.74,29.16,28.38,28.83,3710846.0,-0.0027710443779440652,0.0031266309994317787,0.04078037034492832
302,2023-03-15,29.0,29.19,27.5,27.97,3716618.0,-0.030284004436442302,-0.0361633227726057,0.027157373437010524
303,2023-03-16,28.2,28.41,26.6,27.2,6504885.0,-0.027915533911917034,-0.03610500464211652,0.06407885668452273
304,2023-03-17,27.4,27.9,26.07,26.46,7553224.0,-0.027582814615141782,-0.03490885470721494,0.0636878192572583
305,2023-03-20,26.14,26.94,24.83,26.76,6687615.0,0.011274076573218217,0.023441527063952083,0.023634778133996726
306,2023-03-21,27.2,28.08,26.88,27.98,4979626.0,0.04458173397730736,0.028272995935383793,-0.06802326104125944
307,2023-03-22,28.1,28.42,27.48,27.56,3638720.0,-0.015124523091877506,-0.019404130194242253,-0.013148472843506287
308,2023-03-23,27.48,27.6,26.84,27.4,1760311.0,-0.0058224327514331264,-0.002915453960123937,0.02522656294567538
309,2023-03-24,27.1,27.25,26.2,26.72,2970485.0,-0.025130664725579788,-0.01412137921721035,0.028046118685703725
310,2023-03-27,27.06,27.25,26.64,27.07,2003466.0,0.013013754957765133,0.0003694808835681407,0.0011076242594452168
311,2023-03-28,27.2,27.69,27.02,27.2,1807206.0,0.004790869675741494,0.0,-0.005160350559309634
312,2023-03-29,27.4,28.16,27.14,28.05,2571898.0,0.03077165866675413,0.02344561857468097,-0.03077165866675413
313,2023-03-30,28.21,28.85,28.16,28.81,1883527.0,0.026733917127731655,0.02104602408253209,-0.050179535702412625
314,2023-03-31,28.85,28.93,28.37,28.52,2740049.0,-0.010116953550341812,-0.011504397408013123,-0.010929070532190277
315,2023-04-03,28.72,29.73,28.6,29.05,2279900.0,0.018412887751825036,0.011424739117896987,-0.006908490343811913
316,2023-04-04,29.44,29.54,28.82,28.89,1244435.0,-0.00552296881977643,-0.018858779382531665,-0.005901770298120557
317,2023-04-05,28.9,28.95,28.47,28.64,1733283.0,-0.008691172385699275,-0.009037253025941716,0.02754995176823094
318,2023-04-06,28.64,28.86,28.31,28.67,924027.0,0.001046937802833714,0.001046937802833714,0.007990315223108002
319,2023-04-11,29.0,29.34,28.65,29.25,3423787.0,0.02002829378258708,0.008583743691391366,-0.021075231585420795
320,2023-04-12,29.23,30.13,28.95,30.0,4589572.0,0.025317807984289953,0.026001802539000973,-0.03390155167568132
321,2023-04-13,30.0,31.04,29.8,30.83,3950019.0,0.027290860235903658,0.027290860235903658,-0.05329266277490463
322,2023-04-14,31.06,31.58,30.72,31.29,2623137.0,0.014810315782731731,0.007377739960249929,-0.04210117601863539
323,2023-04-17,31.5,31.79,31.24,31.4,1802433.0,0.003509335233416788,-0.0031796529173795385,-0.010887075193666718
324,2023-04-18,31.4,32.74,31.2,32.35,2574482.0,0.029806128032701995,0.029806128032701995,-0.026626475115322457
325,2023-04-19,32.12,32.78,31.2,32.47,3076276.0,0.003702565167845062,0.010837697036193639,-0.03350869320054706
326,2023-04-20,32.49,33.0,32.33,32.63,2540283.0,0.00491552449047461,0.004299760924220131,-0.01575322152666825
327,2023-04-21,32.54,32.68,32.09,32.58,1481183.0,-0.0015335074313300723,0.001228501383007341,-0.0027662534928900584
328,2023-04-24,32.58,32.93,32.24,32.73,1272226.0,0.004593485339190018,0.004593485339190018,-0.005821986722197359
329,2023-04-25,32.64,32.65,31.91,32.11,1731389.0,-0.01912458041166687,-0.016371021994483925,0.014531095072476852
330,2023-04-26,32.0,32.17,31.0,31.79,2952175.0,-0.010015733178711184,-0.006584127877015344,0.02638675517319511
331,2023-04-27,31.79,32.7,31.79,32.54,2517377.0,0.023318326868180694,0.023318326868180694,-0.01673419899116535
332,2023-04-28,32.55,32.64,31.92,32.07,2882031.0,-0.014549088085828554,-0.01485635494951465,-0.00876923878235214
333,2023-05-02,32.1,32.62,31.62,31.62,2362885.0,-0.014131181923737302,-0.015066198354644289,0.02898753687325195
334,2023-05-04,31.78,32.02,30.32,30.37,4125370.0,-0.040334552723668704,-0.04538188205091265,0.05540075107831299
335,2023-05-05,30.59,31.25,30.36,31.13,1904679.0,0.02471670539585924,0.01749882629070454,0.020665176655053408
336,2023-05-08,31.14,31.7,31.1,31.27,1044271.0,0.004487187016233296,0.0041660050638974155,-0.021986013306937835
337,2023-05-09,31.18,31.23,30.82,31.12,1266344.0,-0.004808472159559152,-0.001926164319439927,0.0006424670956617362
338,2023-05-10,31.26,31.75,30.88,31.18,1514286.0,0.001926164319439927,-0.002562461363699864,0.0
339,2023-05-11,31.33,31.56,30.9,31.0,1744213.0,-0.0057896591444843715,-0.010588900478953889,0.008352120508184235
340,2023-05-12,31.29,31.96,31.1,31.35,2031857.0,0.011227062593783366,0.0019157093981387874,-0.0006381621148294769
341,2023-05-15,31.63,31.67,31.06,31.37,1499950.0,0.0006377551236571577,-0.008254015114970592,-0.002553464521795945
342,2023-05-16,31.29,31.78,31.12,31.63,1025150.0,0.008254015114970592,0.010807479636766537,0.0
343,2023-05-17,31.33,31.84,31.14,31.67,1377370.0,0.0012638232329909016,0.010793755586448128,-0.012071302869757439
344,2023-05-18,32.0,32.62,31.84,32.23,2000237.0,0.017527835276798243,0.007161793027619989,-0.02832159086324637
345,2023-05-19,32.4,33.25,32.35,33.25,2484175.0,0.031157071274516834,0.025896344303579788,-0.038318864302136824
346,2023-05-22,33.0,33.71,32.94,33.52,2483141.0,0.008087508512018893,0.01563471414740203,-0.03398385281559868
347,2023-05-23,33.44,33.95,33.38,33.74,1228129.0,0.006541801503940015,0.008931288901321555,-0.022176515651342044
348,2023-05-24,33.55,33.63,32.55,32.63,1667820.0,-0.03345196651259297,-0.02780475281246142,0.024520677611271413
349,2023-05-25,32.54,33.33,32.4,32.97,1471457.0,0.010365946478410493,0.013127955292747906,0.017438806334050927
350,2023-05-26,33.15,34.09,33.01,34.07,2745779.0,0.032819174589235445,0.027374515041003633,-0.04594712988198335
351,2023-05-29,34.07,34.22,33.75,34.08,1027891.0,0.00029347028823956123,0.00029347028823956123,-0.027667985329243194
352,2023-05-30,34.02,34.02,33.13,33.13,1501927.0,-0.028271485649310257,-0.02650937065591119,0.027978015361070696
353,2023-05-31,32.76,32.92,31.91,32.08,4280682.0,-0.03220643331349082,-0.020975475986555026,0.058715803969402014
354,2023-06-01,32.2,32.91,32.02,32.8,1782209.0,0.022195732391784073,0.01846206283973517,-0.0012202564052290477
355,2023-06-02,33.09,34.49,33.0,34.47,2922195.0,0.04966086513867607,0.04085825859525283,-0.06812292797841124
356,2023-06-05,34.47,35.18,34.12,34.3,2231094.0,-0.004944026356879849,-0.004944026356879849,-0.03591423223837298
357,2023-06-06,34.22,35.8,34.22,35.78,3520919.0,0.042243723908679254,0.04457880961652583,-0.037299697551799404
358,2023-06-07,35.7,35.8,34.95,35.32,2163559.0,-0.012939702344814119,-0.010701313049834127,-0.03163910727171171
359,2023-06-09,35.53,36.23,35.39,35.79,2096508.0,0.01321914904217536,0.007291114744998772,-0.002517835992341233
360,2023-06-12,35.79,36.01,35.28,35.34,1863176.0,-0.012653057886383934,-0.012653057886383934,0.0053619431413851615
361,2023-06-13,35.4,35.65,34.73,34.95,1996685.0,-0.011096998211731268,-0.012793351459909452,0.023750056098115202
362,2023-06-14,34.92,35.98,34.92,35.6,3663641.0,0.01842716917816567,0.019285906886583604,-0.005633817718256218
363,2023-06-15,35.2,35.67,34.21,35.67,3958683.0,0.001964361512815316,0.013263916766748984,-0.02125026839939892
364,2023-06-16,35.67,36.3,35.43,36.17,6950418.0,0.013920046593206337,0.013920046593206337,-0.02718396335995532
365,2023-06-19,36.0,36.6,35.72,35.92,1455834.0,-0.006935802530007695,-0.0022246950221109785,-0.006984244063198641
366,2023-06-20,35.85,36.15,35.42,35.53,1641403.0,-0.010916833401063197,-0.008966157012693543,0.013141528423174176
367,2023-06-21,35.5,36.44,35.34,35.97,1923242.0,0.012307847674596584,0.013152561226162263,-0.0033416906619030406
368,2023-06-22,36.2,36.52,35.61,36.23,1278353.0,0.007202247199453282,0.0008283860752600347,-0.020354808425615545
369,2023-06-23,36.0,36.36,35.1,35.26,1716715.0,-0.027138327937261675,-0.020769761486385985,0.02630994186200164
370,2023-06-26,35.25,36.25,35.06,36.0,2237319.0,0.020769761486385985,0.021053409197832273,0.0
371,2023-06-27,36.15,36.2,35.11,35.35,2261167.0,-0.01822054611352808,-0.02237855626219165,-0.0028328630843041935
372,2023-06-28,35.77,36.24,35.24,35.62,2706914.0,0.0076088855189335725,-0.004202275409411094,0.014769670743258079
373,2023-06-29,35.77,36.28,35.52,36.08,2664065.0,0.012831417332907602,0.008629141923496508,-0.008629141923496508
374,2023-06-30,36.37,36.4,35.9,36.15,2054562.0,0.0019382534103504767,-0.006067310394124004,-0.010567395333846985
375,2023-07-03,36.15,37.06,36.0,37.02,2541320.0,0.023781358540578168,0.023781358540578168,-0.017714048146454164
376,2023-07-04,37.0,37.16,36.49,36.51,857167.0,-0.013872111477806204,-0.013331716976678898,-0.009909247062771964
377,2023-07-05,36.3,36.47,35.98,36.0,4328947.0,-0.014067257211435535,-0.008298802814695083,0.027398974188114433
378,2023-07-06,35.89,36.12,35.33,35.76,4009090.0,-0.006688988150796771,-0.003628754854202665,0.014987790965491854
379,2023-07-07,35.76,36.83,35.72,36.65,2218787.0,0.024583478027347283,0.024583478027347283,-0.020954723173144618
380,2023-07-10,36.5,36.82,36.2,36.73,1635592.0,0.002180431498915336,0.006281599243129765,-0.02676390952626262
381,2023-07-11,36.91,37.04,36.55,36.87,2444969.0,0.0038043524144772967,-0.0010843047958539742,-0.010085951657607062
382,2023-07-12,37.08,38.66,37.06,38.58,3134190.0,0.045335795231530085,0.03965626677992873,-0.04425149043567611
383,2023-07-13,38.58,39.15,38.22,39.0,2460250.0,0.010827638652063154,0.010827638652063154,-0.05048390543199188
384,2023-07-14,38.65,39.44,38.64,38.94,1416158.0,-0.001539646185592769,0.007475224910622469,-0.009287992466470385
385,2023-07-17,38.86,39.3,38.72,39.1,1217932.0,0.0041004670472664095,0.006157023042026033,-0.011575691957888878
386,2023-07-18,38.95,40.0,38.42,39.94,1986671.0,0.02125586099634935,0.025099555670911933,-0.027412884038375385
387,2023-07-19,39.94,40.14,39.7,39.89,1309185.0,-0.001252662070354127,-0.001252662070354127,-0.023846893600557806
388,2023-07-20,39.7,39.9,39.37,39.64,1554365.0,-0.006286956455527903,-0.0015124782313575835,0.00753961852588203
389,2023-07-21,39.45,39.8,39.18,39.43,1300382.0,-0.005311761572251328,-0.0005070994023474995,0.006824239803608911
390,2023-07-24,39.01,39.8,39.01,39.8,1135585.0,0.009339964400855827,0.020048888771826867,-0.008832864998508327
391,2023-07-25,39.8,39.8,39.11,39.65,1649970.0,-0.0037759642095349655,-0.0037759642095349655,-0.0162729245622919
392,2023-07-26,39.64,39.78,39.28,39.59,1070660.0,-0.0015143869628175821,-0.0012621483437480485,0.005290351172352548
393,2023-07-27,39.52,40.6,39.52,40.48,1673724.0,0.02223146386117092,0.0240011520995429,-0.02096931551742287
394,2023-07-28,40.14,40.64,40.03,40.52,1235894.0,0.0009876544012725752,0.0094223360122907,-0.024988806500815475
395,2023-07-31,40.48,40.89,40.4,40.66,1569968.0,0.003449128819717817,0.004436783220990392,-0.012871464832008517
396,2023-08-01,40.65,40.65,39.85,40.33,1337009.0,-0.008149199314923639,-0.007903227108542854,0.0037124160939332462
397,2023-08-02,40.0,40.0,39.51,39.54,1608455.0,-0.019782791142806122,-0.011566636371465489,0.027686018251348976
398,2023-08-03,39.32,39.9,39.2,39.78,1502623.0,0.0060514556833553,0.011630978146860205,0.005515180688110188
399,2023-08-04,39.99,40.44,39.85,40.34,871458.0,0.013979259100239894,0.008714109667339098,-0.0256102372471001
400,2023-08-07,39.95,40.25,39.65,39.89,1075913.0,-0.011217866608750793,-0.0015030062949685785,0.0025037569414116945
401,2023-08-08,39.82,39.82,38.87,39.21,3630341.0,-0.017193849613074796,-0.01543748233180997,0.018696855908043375
402,2023-08-09,39.36,39.72,39.02,39.2,1718718.0,-0.00025506950782361315,-0.00407332538763594,0.015692551839633584
403,2023-08-10,39.12,39.9,39.12,39.55,2666129.0,0.008888947417246218,0.01093184904704625,-0.004815622029610278
404,2023-08-11,39.31,39.46,38.72,39.0,1867942.0,-0.014004048084016674,-0.007917293304122719,0.0030721990369704244
405,2023-08-14,38.72,39.21,38.42,38.6,1009126.0,-0.0103093696588612,-0.0031039859375909806,0.01822666296298392
406,2023-08-16,38.08,38.5,36.95,37.13,3219860.0,-0.03882700828179653,-0.025263941734175788,0.04193099421938751
407,2023-08-17,37.0,37.15,36.34,36.6,1650508.0,-0.014377027781668161,-0.010869672236903938,0.03964096951584395
408,2023-08-18,36.3,36.92,36.25,36.77,2070881.0,0.004634054905860108,0.01286455404237552,0.00623561733104383
409,2023-08-21,36.78,37.27,36.6,37.06,1143320.0,0.007855925544033138,0.007584001681038455,-0.020720479586408658
410,2023-08-22,37.22,37.33,36.61,36.71,1480884.0,-0.009489023348470571,-0.013797053705361773,0.0019050216674321163
411,2023-08-23,36.75,37.29,36.53,37.02,1978827.0,0.00840910963660857,0.0073200814865059805,0.005387944068753203
412,2023-08-24,37.42,37.79,37.36,37.4,1546040.0,0.010212397275134677,-0.0005346164254573793,-0.017532478761640657
413,2023-08-25,37.13,37.81,36.9,37.13,1577612.0,-0.007245436231497759,0.0,0.007780052656955139
414,2023-08-28,37.46,38.0,37.13,37.93,1264857.0,0.021317087511818933,0.01246865868486502,-0.021317087511818933
415,2023-08-29,38.04,38.38,37.7,37.88,1438749.0,-0.001319087382929851,-0.004214969359312093,-0.011149571301935168
416,2023-08-30,37.9,38.25,37.76,38.06,1240781.0,0.0047405935501259044,0.004212749779622715,-0.0005256241908138115
417,2023-08-31,38.03,38.32,37.25,37.35,3961301.0,-0.01883095028917703,-0.018042410361341688,0.014618200509554313
418,2023-09-01,37.28,38.04,37.18,37.86,1069106.0,0.013562234202350254,0.015438155963786393,0.0044801761589914335
419,2023-09-04,37.7,38.06,37.4,37.51,1839177.0,-0.009287581687380975,-0.005052530360169172,-0.006150574276405418
420,2023-09-05,37.51,37.84,37.03,37.17,1648007.0,-0.009105579784634887,-0.009105579784634887,0.01415811014480406
421,2023-09-06,37.09,37.1,34.0,35.34,4684858.0,-0.050486517417610344,-0.04833192460994873,0.05959209720224523
422,2023-09-07,35.3,35.58,34.66,35.26,3317554.0,-0.0022662899218266475,-0.0011337869695271507,0.050598214531775376
423,2023-09-08,35.45,35.6,34.77,35.17,1950618.0,-0.002555730483832619,-0.007929806492245284,0.0036895174533597697
424,2023-09-11,35.38,35.6,35.04,35.14,2081650.0,-0.0008533637269403371,-0.006806605972688118,0.008783170219185621
425,2023-09-12,35.1,35.28,34.7,35.26,3254686.0,0.003409094210772956,0.004548046497903968,0.003397511761915162
426,2023-09-13,35.25,35.5,35.03,35.33,2274003.0,0.0019832844013296658,0.0022669321127759545,-0.006531330899233634
427,2023-09-14,35.5,35.68,35.17,35.51,1995909.0,0.005081885583942736,0.0002816504736262715,-0.00734881769671869
428,2023-09-15,35.63,35.93,35.38,35.54,4771090.0,0.0008444757715087015,-0.002529156891239559,-0.001126126245134973
429,2023-09-18,35.42,35.74,34.58,34.69,2011072.0,-0.02420736174484661,-0.020825171373028972,0.02673651863608617
430,2023-09-19,34.64,35.28,34.55,35.14,2365910.0,0.012888621777292553,0.014330999064716465,0.00793654959573642
431,2023-09-20,35.07,35.8,34.93,35.63,2584907.0,0.013847896858793618,0.01584191546565794,-0.028178895923510083
432,2023-09-21,35.3,35.63,34.99,35.28,1869218.0,-0.009871748479154174,-0.0005667328006606631,-0.0059701669865037665
433,2023-09-22,34.95,35.21,34.45,34.59,1889014.0,-0.019751608189512826,-0.010353845730741718,0.02031834099017349
434,2023-09-25,34.46,34.77,33.89,33.89,2715333.0,-0.020444637330117477,-0.016679245480823557,0.030798483060859194
435,2023-09-26,33.83,35.0,33.59,34.77,1923115.0,0.025634960400810147,0.02740696322715319,-0.00895571491998659
436,2023-09-27,34.93,34.93,33.95,34.01,1363674.0,-0.02210034700066643,-0.026691459799636608,-0.00530661622648676
437,2023-09-28,33.91,34.09,33.53,33.96,2370806.0,-0.0014712375759571295,0.0014734053055995844,0.028162697375593737
438,2023-09-29,34.35,34.98,33.97,34.72,3399302.0,0.02213252834900281,0.010713871123791296,-0.023605933654602396
439,2023-10-02,34.59,34.67,33.68,33.76,1839867.0,-0.028039220064393078,-0.024287953221321157,0.01732534894060178
440,2023-10-03,33.76,34.27,33.46,33.88,2096839.0,0.0035482000560973503,0.0035482000560973503,0.020739753165223807
441,2023-10-04,33.68,35.77,33.42,34.57,3523985.0,0.020161384149679495,0.026082064559407314,-0.023709584205776846
442,2023-10-05,35.0,35.0,34.36,34.79,1830926.0,0.006343735230317282,-0.006018072325562951,-0.032425799789724596
443,2023-10-06,34.89,37.09,34.89,36.3,3519008.0,0.042487752106954435,0.03961748607212234,-0.036469679781391484
444,2023-10-09,36.0,37.21,35.51,36.7,2732108.0,0.010959013789719751,0.019257816604414835,-0.050576499861842095
445,2023-10-10,37.05,38.64,37.05,38.4,3415190.0,0.045280704533156246,0.03578910785158529,-0.06453852113757108
446,2023-10-11,38.45,39.6,38.3,39.29,4292809.0,0.022912573976687334,0.021611337618715254,-0.05870168182827262
447,2023-10-12,39.41,39.86,38.6,38.87,5911943.0,-0.010747288706236535,-0.013796846342780444,-0.010864048912478719
448,2023-10-13,38.56,39.07,37.76,38.65,2752924.0,-0.005675969830700733,0.00233130529108605,0.019472816173481178
449,2023-10-16,40.36,43.69,40.24,43.0,13661758.0,0.10665334066013132,0.06336092020815398,-0.10898464595121737
450,2023-10-17,42.9,44.93,42.49,43.1,5679473.0,0.002322881416139566,0.004651171175730884,-0.06568380162429355
451,2023-10-18,42.71,43.09,41.61,41.82,4783981.0,-0.030148303109214236,-0.02105839085288741,0.025497131933483352
452,2023-10-19,41.38,41.58,40.44,40.55,2346545.0,-0.030838913439065863,-0.02026189175597537,0.05189730429195327
453,2023-10-20,40.1,40.75,39.76,39.98,2003995.0,-0.01415645148916811,-0.00299700524026969,0.03441834324514348
454,2023-10-23,39.98,41.0,39.67,40.28,2205784.0,0.007475738778107921,0.007475738778107921,-0.004478733537838231
455,2023-10-24,40.4,41.91,40.4,41.12,3450320.0,0.020639553296547763,0.017664836179804855,-0.028115292074655684
456,2023-10-25,41.71,43.09,41.31,42.03,5119478.0,0.021889027870115818,0.0076427408081714,-0.03955386404992067
457,2023-10-26,41.52,42.99,40.97,42.65,3775738.0,0.014643624920662734,0.026852035080054737,-0.022286365728834134
458,2023-10-27,42.5,42.99,41.94,42.02,2268246.0,-0.014881578520833383,-0.011358380513516675,-0.011970456559221354
459,2023-10-30,42.05,43.17,42.05,42.73,1831249.0,0.01675555423907893,0.01604186323697654,-0.005397173725562254
460,2023-10-31,42.73,44.04,42.58,43.52,4110416.0,0.01831935289175357,0.01831935289175357,-0.03436121612873011
461,2023-11-02,43.85,44.17,42.81,43.24,2602052.0,-0.006454609776679554,-0.014008726047184616,-0.011864743115074017
462,2023-11-03,43.53,44.0,43.11,43.53,2172653.0,0.006684362793198506,0.0,0.00732436325398611
463,2023-11-06,43.53,44.18,43.26,43.6,2381236.0,0.0016067947907827396,0.0016067947907827396,-0.0016067947907827396
464,2023-11-07,43.3,43.62,42.88,43.18,1976267.0,-0.009679725268327388,-0.0027752099217828174,0.008072930477544649
465,2023-11-08,42.95,43.15,41.68,42.36,3232735.0,-0.019172904353455866,-0.013832127697058993,0.021948114275238684
466,2023-11-09,43.61,43.88,42.54,43.88,2434324.0,0.03525411467382389,0.0061721535523542315,-0.021421986976764895
467,2023-11-10,43.65,44.65,43.57,43.8,2306888.0,-0.0018248180246289714,0.0034305350967893666,-0.00434733552772526
468,2023-11-13,43.83,44.74,43.52,43.74,2058723.0,-0.0013708021337786036,-0.002055499182096021,-0.002059732963010763
469,2023-11-14,43.76,46.8,43.73,46.64,4592761.0,0.06419552679361518,0.0637383839285115,-0.062140027611519155
470,2023-11-15,46.64,47.18,45.82,46.0,3446091.0,-0.013817145553141952,-0.013817145553141952,-0.04992123837536955
471,2023-11-16,46.0,47.59,45.84,46.93,3808435.0,0.020015733317231277,0.020015733317231277,-0.006198587764089325
472,2023-11-17,46.81,47.7,46.51,47.68,1918932.0,0.01585489295076803,0.018415167445115177,-0.035870626267999306
473,2023-11-20,47.68,48.5,47.28,48.0,2957678.0,0.006688988150796771,0.006688988150796771,-0.025104155595911948
474,2023-11-21,47.7,48.17,47.14,47.44,1992463.0,-0.011735256218420975,-0.005465643204825454,0.0050462680676242044
475,2023-11-22,47.39,47.5,46.63,47.11,2163108.0,-0.006980461977520225,-0.00592594326754714,0.01244610518234568
476,2023-11-23,47.11,47.37,46.49,46.74,1068274.0,-0.007884963601238137,-0.007884963601238137,0.013810906868785278
477,2023-11-24,46.6,46.87,46.39,46.52,1133250.0,-0.0047180014602479226,-0.0017182134811362104,0.01260296506148606
478,2023-11-27,46.42,46.71,45.45,45.99,1675360.0,-0.011458346098631278,-0.009306419294458301,0.013176559579767488
479,2023-11-28,45.65,47.24,45.65,46.91,1361617.0,0.019806890788534037,0.027227265299389014,-0.010500471494075736
480,2023-11-29,46.82,47.87,46.48,47.75,1735505.0,0.017748194586372446,0.01966860486397426,-0.04497545988576146
481,2023-11-30,47.59,47.82,47.05,47.53,3445627.0,-0.004617976300821169,-0.0012615645071010206,-0.01505062856315309
482,2023-12-01,47.39,49.8,47.39,49.55,3027998.0,0.041621170150079045,0.04457102479649988,-0.040359605642978025
483,2023-12-04,49.35,49.94,49.19,49.3,1348739.0,-0.005058179727352563,-0.0010136848308461843,-0.03951284506914732
484,2023-12-05,48.95,50.04,48.83,49.3,2117325.0,0.0,0.00712471207212495,0.0010136848308461843
485,2023-12-06,49.4,50.02,48.92,49.43,3071865.0,0.0026334462702233274,0.0006071031249907932,-0.009758158342348278
486,2023-12-07,49.0,49.43,48.26,49.27,2456321.0,-0.0032421507629960544,0.005495078445245216,0.002635047638005261
487,2023-12-08,49.0,49.74,49.0,49.54,1760859.0,0.005465047505341936,0.010960125950587152,-0.010960125950587152
488,2023-12-11,49.55,49.97,48.98,49.51,2460083.0,-0.000605754687882154,-0.0008075914026655084,-0.010354371262704998
489,2023-12-12,49.55,49.93,48.73,49.23,2483153.0,-0.00567147560322212,-0.006479067005887629,0.006479067005887629
490,2023-12-13,49.2,49.51,49.08,49.4,2672840.0,0.0034472304237676,0.0040568006956145375,0.003031836582120029
491,2023-12-14,49.88,49.89,49.15,49.5,3725102.0,0.0020222453807678953,-0.007647451237191127,-0.006079046076382433
492,2023-12-15,49.6,49.93,48.73,49.11,6364738.0,-0.007909989523491756,-0.00992815367972888,0.015557440760682884
493,2023-12-18,48.95,50.46,48.77,50.4,2227220.0,0.025928495026169784,0.029191806100803408,-0.016000341346440905
494,2023-12-19,50.2,51.26,49.95,50.78,2891937.0,0.007511401199209455,0.011487549578848899,-0.03670320730001286
495,2023-12-20,50.7,51.26,50.0,50.46,1436545.0,-0.006321633063620435,-0.004744967384225696,-0.005165916515228464
496,2023-12-21,50.06,50.78,50.0,50.3,2729777.0,-0.003175866107218539,0.004782791102065254,0.007920833491444235
497,2023-12-22,50.18,50.64,50.06,50.3,1044221.0,0.0,0.002388536167416966,-0.004782791102065254
498,2023-12-27,50.3,51.5,50.26,51.3,1542098.0,0.019685675071030584,0.019685675071030584,-0.02207421123844755
499,2023-12-28,51.4,51.46,50.46,50.58,1208271.0,-0.01413451093490492,-0.01608193121930057,-0.005551164136125664
500,2023-12-29,50.4,50.82,49.87,50.32,615213.0,-0.0051536288496341065,-0.001588562685137962,0.021235560068934678
